Serial No,Email,First Name,Middle Name,Last Name,DOB,Gender,Address,Postal,City,Province,Country,Primary Contact,Mobile,Fax
1,demouser1@indiatests.in,Demo,User,One,01-03-2014,m,"123, ABC",111111,New Delhi,,,9876543210,,
2,demouser1@indiatests.in,Demo,User,Two,01-04-2014,m,"123, ABC",111111,Pune,,,9876543210,,
3,demouser1@indiatests.in,Demo,User,Three,01-05-2014,f,"123, ABC",111111,Banglore,,,9876543210,,
4,demouser1@indiatests.in,Demo,User,Four,01-06-2014,f,"123, ABC",111111,Hyderabad,,,9876543210,,
5,demouser1@indiatests.in,Demo,User,Five,01-07-2014,n,"123, ABC",111111,Gurgaon,,,9876543210,,
6,demouser1@indiatests.in,Demo,User,Six,01-08-2014,n,"123, ABC",111111,Mumbai,,,9876543210,,
7,demouser1@indiatests.in,Demo,User,Seven,01-09-2014,f,"123, ABC",111111,Chennai,,,9876543210,,
8,demouser1@indiatests.in,Demo,User,Seven,02-09-2014,f,"123, ABC",111112,Chennai,,,9876543211,,
9,demouser1@indiatests.in,Demo,User,Seven,03-09-2014,f,"123, ABC",111113,Chennai,,,9876543212,,
10,demouser1@indiatests.in,Demo,User,Seven,04-09-2014,f,"123, ABC",111114,Chennai,,,9876543213,,
11,demouser1@indiatests.in,Demo,User,Seven,05-09-2014,f,"123, ABC",111115,Chennai,,,9876543214,,
12,demouser1@indiatests.in,Demo,User,Seven,06-09-2014,f,"123, ABC",111116,Chennai,,,9876543215,,
13,demouser1@indiatests.in,Demo,User,Seven,07-09-2014,f,"123, ABC",111117,Chennai,,,9876543216,,
14,demouser1@indiatests.in,Demo,User,Seven,08-09-2014,f,"123, ABC",111118,Chennai,,,9876543217,,
15,demouser1@indiatests.in,Demo,User,Seven,09-09-2014,f,"123, ABC",111119,Chennai,,,9876543218,,
16,demouser1@indiatests.in,Demo,User,Seven,10-09-2014,f,"123, ABC",111120,Chennai,,,9876543219,,
17,demouser1@indiatests.in,Demo,User,Seven,11-09-2014,f,"123, ABC",111121,Chennai,,,9876543220,,
18,demouser1@indiatests.in,Demo,User,Seven,12-09-2014,f,"123, ABC",111122,Chennai,,,9876543221,,
19,demouser1@indiatests.in,Demo,User,Seven,13-09-2014,f,"123, ABC",111123,Chennai,,,9876543222,,
20,demouser1@indiatests.in,Demo,User,Seven,14-09-2014,f,"123, ABC",111124,Chennai,,,9876543223,,
21,demouser1@indiatests.in,Demo,User,Seven,15-09-2014,f,"123, ABC",111125,Chennai,,,9876543224,,
22,demouser1@indiatests.in,Demo,User,Seven,16-09-2014,f,"123, ABC",111126,Chennai,,,9876543225,,
23,demouser1@indiatests.in,Demo,User,Seven,17-09-2014,f,"123, ABC",111127,Chennai,,,9876543226,,
24,demouser1@indiatests.in,Demo,User,Seven,18-09-2014,f,"123, ABC",111128,Chennai,,,9876543227,,
